grupo,campo,gnn,mlp,igual_nos_dois_bracos,fonte,nota
arquitetura,classe,"""GNNRFModel""","""MLPRFModel""",False,run JSON modelo.classe,
arquitetura,operador antena->terreno,"""GATv2Conv(hidden->hidden/heads, heads=4, concat, edge_dim=2, dropout, add_self_loops=False)""","""nenhum (sem arestas)""",False,/trabalho/ARPIA_RF/TOPO_RF_PROJETO/GNN_RF_V2/02_models/gnn_rf_encoder.py:120,
arquitetura,operador terreno->terreno (Moore + self-loop),"""GATv2Conv(..., add_self_loops=True)""","""nenhum (sem arestas)""",False,/trabalho/ARPIA_RF/TOPO_RF_PROJETO/GNN_RF_V2/02_models/gnn_rf_encoder.py:130 ; /trabalho/ARPIA_RF/TOPO_RF_PROJETO/GNN_RF_V2/02_models/gnn_rf_encoder.py:137,
arquitetura,operador terreno->antena,"""SAGEConv(aggr='mean') -- sem gradiente (relacao nao amostrada a partir de sementes de terreno)""","""nenhum""",False,/trabalho/ARPIA_RF/TOPO_RF_PROJETO/GNN_RF_V2/02_models/gnn_rf_encoder.py:140 ; /trabalho/ARPIA_RF/TOPO_RF_PROJETO/GNN_RF_V2/02_models/gnn_rf_encoder.py:143,run JSON diagnostico_avaliacao.arestas_amostradas_por_relacao_*.TA = 0
arquitetura,agregacao entre relacoes,"""soma""","""-""",False,/trabalho/ARPIA_RF/TOPO_RF_PROJETO/GNN_RF_V2/02_models/gnn_rf_encoder.py:145,
arquitetura,por camada (GNN) / bloco (MLP),"""LeakyReLU(0.2) + dropout + residual + LayerNorm""","""Linear + BatchNorm1d + LeakyReLU(0.2) (+ Dropout, exceto ultimo)""",False,/trabalho/ARPIA_RF/TOPO_RF_PROJETO/GNN_RF_V2/02_models/gnn_rf_encoder.py:217 ; /trabalho/ARPIA_RF/TOPO_RF_PROJETO/GNN_RF/gnn_rf_ieee_access/FIRST_RESPONSE_REVIEW_IEEE_ACESSES/EVIDENCIA_RESUBMISSAO/scripts/train_mlp_c0_spatial.py:712,
arquitetura,camadas de passagem de mensagem / camadas do encoder,4,5,False,/trabalho/ARPIA_RF/TOPO_RF_PROJETO/GNN_RF/gnn_rf_ieee_access/FIRST_RESPONSE_REVIEW_IEEE_ACESSES/EVIDENCIA_RESUBMISSAO/scripts/train_gnn_c0_spatial.py:1233 ; run JSON modelo.num_layers / modelo.larguras_encoder,
arquitetura,cabecas de atencao,4,null,False,run JSON modelo.heads,
arquitetura,largura oculta / larguras do encoder,256,"[654, 654, 600, 636, 256]",False,run JSON modelo.hidden_dim ; modelo.larguras_encoder ; /trabalho/ARPIA_RF/TOPO_RF_PROJETO/GNN_RF/MDPI_Mathematics/_v3_2026-09-25/gpu/modelo_v3/v3_common.py:685,
arquitetura,entradas por no de terreno,18,18,True,run JSON modelo.terrain_dim,
arquitetura,entradas por transmissor,6,"""nao usado""",False,run JSON modelo.antenna_dim / modelo.antenna_dim_nao_usado,
arquitetura,saidas,5,5,True,run JSON modelo.output_dim,
arquitetura,decodificador,"{""coverage_prob"": ""sigmoid(raw) (unico canal comprimido; ver rf_decoder_v3.py)"", ""path_loss_terrain_dB"": ""raw*15+15 (clamp fisico [0,30])"", ""path_loss_total_dB"": ""raw*100+100 (clamp fisico [0,200])"", ""path_loss_vegetation_dB"": ""raw*25+25 (clamp fisico [0,50])"", ""rssi_dBm"": ""raw*75-75 (clamp fisico [-150,0])""}","{""coverage_prob"": ""sigmoid(raw) (unico canal comprimido; ver rf_decoder_v3.py)"", ""path_loss_terrain_dB"": ""raw*15+15 (clamp fisico [0,30])"", ""path_loss_total_dB"": ""raw*100+100 (clamp fisico [0,200])"", ""path_loss_vegetation_dB"": ""raw*25+25 (clamp fisico [0,50])"", ""rssi_dBm"": ""raw*75-75 (clamp fisico [-150,0])""}",True,"run JSON modelo_v3.escalas (AffineDecoderV3, sha 645f16975592)",
arquitetura,dropout,0.1,0.1,True,run JSON modelo.dropout ; /trabalho/ARPIA_RF/TOPO_RF_PROJETO/GNN_RF/gnn_rf_ieee_access/FIRST_RESPONSE_REVIEW_IEEE_ACESSES/EVIDENCIA_RESUBMISSAO/scripts/train_gnn_c0_spatial.py:1234,
capacidade,parametros nominais,1812515,1484067,False,run JSON capacidade.nominal,
capacidade,parametros efetivos (recebem gradiente),1484037,1484037,True,run JSON capacidade.efetiva,
capacidade,"braco de sensibilidade (10 corridas, larguras nominais)",null,"{""larguras"": [712, 712, 720, 688, 256], ""nominal"": 1812515, ""efetiva"": 1812485}",False,run JSON mlp_v3_a4s_* capacidade.*,
vizinhanca,amostragem no treino,"{""num_neighbors"": ""[-1] por relacao (lista de tamanho 1 = UM salto, vizinhanca completa)"", ""k_antenna"": -1, ""k_terrain"": -1, ""disjoint_treino"": false}","""lotes de nos de terreno (sem grafo)""",False,/trabalho/ARPIA_RF/TOPO_RF_PROJETO/GNN_RF/gnn_rf_ieee_access/FIRST_RESPONSE_REVIEW_IEEE_ACESSES/EVIDENCIA_RESUBMISSAO/scripts/train_gnn_c0_spatial.py:1171 ; run JSON config.k_*,4 camadas sobre subgrafo de 1 salto: campo receptivo = 8 vizinhos de Moore + ate 5 transmissores
vizinhanca,amostragem na avaliacao (val/teste),"""num_neighbors=-1 nas 3 relacoes (AT,TT,TA), disjoint=True, em val e teste""","""nao se aplica""",False,/trabalho/ARPIA_RF/TOPO_RF_PROJETO/GNN_RF/MDPI_Mathematics/_v3_2026-09-25/gpu/modelo_v3/v3_common.py:478 ; /trabalho/ARPIA_RF/TOPO_RF_PROJETO/GNN_RF/MDPI_Mathematics/_v3_2026-09-25/gpu/modelo_v3/v3_common.py:484 ; run JSON diagnostico_avaliacao.regra,
perda,termo de predicao,"""Huber(delta=5 dB) por canal, nos 5 canais, media sobre os nos semente (sentinelas incluidos)""","""idem""",True,/trabalho/ARPIA_RF/TOPO_RF_PROJETO/GNN_RF_V2/02_models/physics_loss.py:99,
perda,pesos dos canais,"""softmax(log_weights), log_weights=zeros(5) fora do otimizador => 1/5 cada""","""idem""",True,/trabalho/ARPIA_RF/TOPO_RF_PROJETO/GNN_RF_V2/02_models/physics_loss.py:53 ; /trabalho/ARPIA_RF/TOPO_RF_PROJETO/GNN_RF_V2/02_models/physics_loss.py:69 ; /trabalho/ARPIA_RF/TOPO_RF_PROJETO/GNN_RF/gnn_rf_ieee_access/FIRST_RESPONSE_REVIEW_IEEE_ACESSES/EVIDENCIA_RESUBMISSAO/scripts/train_gnn_c0_spatial.py:1245 ; /trabalho/ARPIA_RF/TOPO_RF_PROJETO/GNN_RF/gnn_rf_ieee_access/FIRST_RESPONSE_REVIEW_IEEE_ACESSES/EVIDENCIA_RESUBMISSAO/scripts/train_mlp_c0_spatial.py:1381,conferido: prediction_loss = media aritmetica das 5 perdas por canal (ver verificacao_pesos_uniformes)
perda,penalidade gradiente de distancia (peso),0.05,0.05,True,run JSON loss.distance_gradient_weight,
perda,penalidade gradiente de distancia (expressao),"""mean_{(i,j): d_i<d_j} ReLU(rssi_hat_j - rssi_hat_i + 1 dBm), K=min(512, N//2) pares sorteados no lote""","""idem""",True,/trabalho/ARPIA_RF/TOPO_RF_PROJETO/GNN_RF_V2/02_models/physics_loss.py:237 ; /trabalho/ARPIA_RF/TOPO_RF_PROJETO/GNN_RF_V2/02_models/physics_loss.py:258,
perda,penalidade de variancia (peso),0.02,0.02,True,run JSON loss.variance_weight,
perda,penalidade de variancia (expressao),"""ReLU(std(y_rssi) - std(rssi_hat))^2 no lote (alvo sem gradiente)""","""idem""",True,/trabalho/ARPIA_RF/TOPO_RF_PROJETO/GNN_RF_V2/02_models/physics_loss.py:286,
perda,penalidade sombra x NDVI (peso),0.03,0.03,True,run JSON loss.shadowing_ndvi_weight,
perda,penalidade sombra x NDVI (expressao),"""ReLU(0.15 - corr(PL_veg_hat, NDVI)) no lote, NDVI = coluna 12 (sem gradiente)""","""idem""",True,/trabalho/ARPIA_RF/TOPO_RF_PROJETO/GNN_RF_V2/02_models/physics_loss.py:319 ; /trabalho/ARPIA_RF/TOPO_RF_PROJETO/GNN_RF/gnn_rf_ieee_access/FIRST_RESPONSE_REVIEW_IEEE_ACESSES/EVIDENCIA_RESUBMISSAO/scripts/train_gnn_c0_spatial.py:212,
perda,restricao FSPL (nao citada no texto),"""0.05 * mean ReLU(FSPL_900MHz(d) - PL_hat_total)""","""idem""",True,/trabalho/ARPIA_RF/TOPO_RF_PROJETO/GNN_RF_V2/02_models/physics_loss.py:131 ; /trabalho/ARPIA_RF/TOPO_RF_PROJETO/GNN_RF_V2/02_models/physics_loss.py:181,"ver valor_maximo_constraint_fspl_registrado: se 0 em todas as epocas, o termo nunca atuou"
otimizacao,otimizador,"""AdamW, weight_decay=1e-5""","""idem""",True,/trabalho/ARPIA_RF/TOPO_RF_PROJETO/GNN_RF/gnn_rf_ieee_access/FIRST_RESPONSE_REVIEW_IEEE_ACESSES/EVIDENCIA_RESUBMISSAO/scripts/train_gnn_c0_spatial.py:1245 ; /trabalho/ARPIA_RF/TOPO_RF_PROJETO/GNN_RF/gnn_rf_ieee_access/FIRST_RESPONSE_REVIEW_IEEE_ACESSES/EVIDENCIA_RESUBMISSAO/scripts/train_mlp_c0_spatial.py:1381,
otimizacao,taxa inicial,0.001,0.001,True,run JSON config.lr,
otimizacao,agenda,"{""classe"": ""CosineAnnealingWarmRestarts"", ""T_0_epocas"": 10, ""T_mult"": 2, ""eta_min"": 1e-06, ""passo"": ""por epoca"", ""reinicio_dentro_de_8_epocas"": false}","{""classe"": ""CosineAnnealingWarmRestarts"", ""T_0_epocas"": 10, ""T_mult"": 2, ""eta_min"": 1e-06, ""passo"": ""por epoca"", ""reinicio_dentro_de_8_epocas"": false}",True,/trabalho/ARPIA_RF/TOPO_RF_PROJETO/GNN_RF/gnn_rf_ieee_access/FIRST_RESPONSE_REVIEW_IEEE_ACESSES/EVIDENCIA_RESUBMISSAO/scripts/train_gnn_c0_spatial.py:1247 ; /trabalho/ARPIA_RF/TOPO_RF_PROJETO/GNN_RF/gnn_rf_ieee_access/FIRST_RESPONSE_REVIEW_IEEE_ACESSES/EVIDENCIA_RESUBMISSAO/scripts/train_gnn_c0_spatial.py:1373 ; /trabalho/ARPIA_RF/TOPO_RF_PROJETO/GNN_RF/gnn_rf_ieee_access/FIRST_RESPONSE_REVIEW_IEEE_ACESSES/EVIDENCIA_RESUBMISSAO/scripts/train_mlp_c0_spatial.py:1383,
otimizacao,corte de gradiente (norma),0.5,0.5,True,run JSON config.max_norm ; /trabalho/ARPIA_RF/TOPO_RF_PROJETO/GNN_RF/gnn_rf_ieee_access/FIRST_RESPONSE_REVIEW_IEEE_ACESSES/EVIDENCIA_RESUBMISSAO/scripts/train_gnn_c0_spatial.py:1358 ; /trabalho/ARPIA_RF/TOPO_RF_PROJETO/GNN_RF/gnn_rf_ieee_access/FIRST_RESPONSE_REVIEW_IEEE_ACESSES/EVIDENCIA_RESUBMISSAO/scripts/train_mlp_c0_spatial.py:1494,
otimizacao,fracao de passos cortados (min nas corridas),1.0,1.0,True,run JSON diagnostico_treino.fracao_passos_clipados,
otimizacao,precisao mista,"""AMP (autocast + GradScaler) em CUDA""","""idem""",True,/trabalho/ARPIA_RF/TOPO_RF_PROJETO/GNN_RF/gnn_rf_ieee_access/FIRST_RESPONSE_REVIEW_IEEE_ACESSES/EVIDENCIA_RESUBMISSAO/scripts/train_gnn_c0_spatial.py:1279 ; /trabalho/ARPIA_RF/TOPO_RF_PROJETO/GNN_RF/gnn_rf_ieee_access/FIRST_RESPONSE_REVIEW_IEEE_ACESSES/EVIDENCIA_RESUBMISSAO/scripts/train_mlp_c0_spatial.py:1415,
otimizacao,lote (nos semente),12288,12288,True,run JSON config.batch_size,
otimizacao,epocas,8,8,True,run JSON config.epochs ; custo.n_epocas_rodadas,
otimizacao,parada antecipada,0,0,True,run JSON config.early_stopping_patience (0 = desligada),
otimizacao,passos de gradiente por corrida,"{""mediana"": 5912.0, ""min"": 5880, ""max"": 5920, ""n"": 60}","{""mediana"": 5912.0, ""min"": 5880, ""max"": 5920, ""n"": 60}",False,run JSON diagnostico_treino.n_passos,"faixas sobrepostas; diferem por celula/sorteio, nao por braco"
selecao,regra da epoca retida,"""menor mae_rssi_db em VAL""","""menor mae_rssi_db em VAL""",True,run JSON selecao.criterio ; /trabalho/ARPIA_RF/TOPO_RF_PROJETO/GNN_RF/gnn_rf_ieee_access/FIRST_RESPONSE_REVIEW_IEEE_ACESSES/EVIDENCIA_RESUBMISSAO/scripts/train_gnn_c0_spatial.py:1503,
selecao,teste usado na selecao,false,false,True,run JSON selecao.test_usado_na_selecao ; /trabalho/ARPIA_RF/TOPO_RF_PROJETO/GNN_RF/gnn_rf_ieee_access/FIRST_RESPONSE_REVIEW_IEEE_ACESSES/EVIDENCIA_RESUBMISSAO/scripts/train_gnn_c0_spatial.py:1502,
selecao,"melhor epoca (mediana, min, max)","{""mediana"": 6.0, ""min"": 2, ""max"": 8, ""n"": 60}","{""mediana"": 6.0, ""min"": 1, ""max"": 8, ""n"": 60}",False,run JSON selecao.melhor_epoca,
sementes,"pares (seed de treino, split seed)","[[42, 42], [42, 101], [42, 102], [42, 103], [42, 104], [42, 105], [43, 42], [44, 42], [45, 42], [46, 42]]","[[42, 42], [42, 101], [42, 102], [42, 103], [42, 104], [42, 105], [43, 42], [44, 42], [45, 42], [46, 42]]",True,"run JSON seed, split_seed",A3: treino 42-46 x split 42; A4: treino 42 x split 101-105
sementes,determinismo declarado,"[true, false]","[true, false]",True,run JSON ambiente.cudnn_* ; /trabalho/ARPIA_RF/TOPO_RF_PROJETO/GNN_RF/gnn_rf_ieee_access/FIRST_RESPONSE_REVIEW_IEEE_ACESSES/EVIDENCIA_RESUBMISSAO/scripts/train_gnn_c0_spatial.py:827,"GNN nao determinista mesmo assim (A2c: ate 0,132 dB validos / 0,117 dB sentinela); MLP determinista"
custo,hardware,"[""NVIDIA GeForce RTX 5070 Ti"", ""2.10.0+cu128"", ""12.8""]","[""NVIDIA GeForce RTX 5070 Ti"", ""2.10.0+cu128"", ""12.8""]",True,run JSON ambiente.*,
custo,tempo por corrida (s),"{""mediana"": 783.05, ""min"": 775.9, ""max"": 1141.3, ""n"": 60}","{""mediana"": 84.55, ""min"": 82.5, ""max"": 192.2, ""n"": 60}",False,run JSON custo.tempo_total_s,
custo,pico de VRAM (MB),"{""mediana"": 4159.9, ""min"": 4140.7, ""max"": 4187.6, ""n"": 60}","{""mediana"": 316.3, ""min"": 316.3, ""max"": 316.3, ""n"": 60}",False,run JSON custo.vram_peak_mb,
baselines,frequencia,900.0,900.0,True,/trabalho/ARPIA_RF/TOPO_RF_PROJETO/GNN_RF/MDPI_Mathematics/scripts/v3_2.1_3.1_deriva_calibracao.py:77 ; run JSON baselines_analiticos.train.freq_mhz,
baselines,"h_tx, h_rx (m) Hata rural e COST-231","{""h_tx"": 30.0, ""h_rx"": 1.5}","{""h_tx"": 30.0, ""h_rx"": 1.5}",True,/trabalho/ARPIA_RF/TOPO_RF_PROJETO/GNN_RF/gnn_rf_ieee_access/FIRST_RESPONSE_REVIEW_IEEE_ACESSES/EVIDENCIA_RESUBMISSAO/dados/scripts_congelados/baselines_v2_por_particao.py:268 ; /trabalho/ARPIA_RF/TOPO_RF_PROJETO/GNN_RF/gnn_rf_ieee_access/FIRST_RESPONSE_REVIEW_IEEE_ACESSES/EVIDENCIA_RESUBMISSAO/dados/scripts_congelados/baselines_v2_por_particao.py:269 ; /trabalho/ARPIA_RF/TOPO_RF_PROJETO/GNN_RF/gnn_rf_ieee_access/FIRST_RESPONSE_REVIEW_IEEE_ACESSES/EVIDENCIA_RESUBMISSAO/dados/scripts_congelados/baselines_v2_por_particao.py:277,valores default; v3_2.1_3.1_deriva_calibracao.py chama sem passar alturas
baselines,variante COST-231,"""suburban (C_m = 0)""","""idem""",True,/trabalho/ARPIA_RF/TOPO_RF_PROJETO/GNN_RF/MDPI_Mathematics/scripts/v3_2.1_3.1_deriva_calibracao.py:99 ; /trabalho/ARPIA_RF/TOPO_RF_PROJETO/GNN_RF/gnn_rf_ieee_access/FIRST_RESPONSE_REVIEW_IEEE_ACESSES/EVIDENCIA_RESUBMISSAO/dados/scripts_congelados/baselines_v2_por_particao.py:282,
baselines,distancia,"""distancia ao transmissor mais proximo, piso 1 m""","""idem""",True,/trabalho/ARPIA_RF/TOPO_RF_PROJETO/GNN_RF/gnn_rf_ieee_access/FIRST_RESPONSE_REVIEW_IEEE_ACESSES/EVIDENCIA_RESUBMISSAO/dados/scripts_congelados/baselines_v2_por_particao.py:247,
baselines,calibracao,"""offset = mediana(RSSI + PL_modelo) no treino ((a) todos os nos; (b) so validos)""","""idem""",True,/trabalho/ARPIA_RF/TOPO_RF_PROJETO/GNN_RF/MDPI_Mathematics/scripts/v3_2.1_3.1_deriva_calibracao.py:298,
