celula,n_sorteios_v_definido_de_60,constante_validos_Q,constante_validos_cobertura,fspl_b_validos_Q,fspl_b_validos_cobertura
bauru_Q1,57,0.4428974270304618,0.7017543859649122,0.49038414019307447,0.6491228070175439
bauru_Q2,40,0.6948649071238363,0.775,0.468527407219704,0.625
bauru_Q3,46,0.4942521690683892,0.6086956521739131,0.4650816987023916,0.41304347826086957
bauru_Q4,44,0.5641758038122561,0.6136363636363636,0.5570526614980783,0.7045454545454546
campinas_Q1,53,0.24890458615975405,0.5660377358490566,0.29661121880028235,0.5660377358490566
campinas_Q2,54,0.5916911540796052,0.6296296296296297,0.6866408144779023,0.7777777777777778
campinas_Q3,52,0.7704166265537005,0.6538461538461539,0.7117773488284179,0.6730769230769231
campinas_Q4,49,0.5551315860426335,0.5918367346938775,0.4212717508715792,0.5102040816326531
lins_Q1,40,0.31287926359064333,0.6,0.4316810711633544,0.575
lins_Q2,53,0.7285191555233219,0.6792452830188679,0.7171121853260848,0.8301886792452831
lins_Q3,35,0.4200926661324318,0.5714285714285714,0.7853524799395439,0.6285714285714286
lins_Q4,35,0.15984803468795744,0.37142857142857144,0.4623954976467497,0.6571428571428571
sorocaba_Q1,46,0.23183165631766367,0.4782608695652174,0.39716280506806123,0.6086956521739131
sorocaba_Q2,50,0.6037318398114017,0.6,0.8421101496892378,0.74
sorocaba_Q3,39,0.30976564209883084,0.5384615384615384,0.4802405274892635,0.5128205128205128
sorocaba_Q4,43,0.5177032612056278,0.5813953488372093,0.8739436183864613,0.7209302325581395
