celula,n_sorteios,const_validos_mediana,min,max,dp_simples,const_todos_mediana,const_todos_dp
bauru_Q1,59,18.10143378775323,4.5279963688670835,38.79030753925218,7.034393648382777,2.346897398450314,1.8904155629060666
bauru_Q2,56,15.079777696845849,2.727214865044017,41.29275608710735,7.244004380441048,1.2216432784811504,1.766508312572504
bauru_Q3,56,17.825996349677744,8.525602730112412,42.72102977271736,7.7244467217127895,1.5686291064358517,1.355744804431253
bauru_Q4,56,15.492051985504048,3.637150281697178,44.56221401714248,8.242688924092242,1.7944787744157726,1.808299860724605
campinas_Q1,59,14.113661078476479,5.619786154895249,52.959911689924056,10.397658314112505,1.356575976921735,2.0148556986156025
campinas_Q2,59,16.940060293236918,2.781936075452348,48.89982628799423,9.064379865272642,2.7973631222681683,2.5704851527351553
campinas_Q3,57,15.767382054459908,6.329255723520572,41.073486653642995,8.574514037914847,1.9842194693029966,1.7596145828509921
campinas_Q4,58,15.512189003653862,5.7006031718433805,51.51122739080533,8.457682950550817,2.1372459466436977,2.1070850317927783
lins_Q1,56,18.887909323824836,11.566957821997766,50.944717535803086,7.977808852754722,0.9797898936126006,1.4947866733850685
lins_Q2,59,21.2203990270551,12.531239241874639,36.935249330827055,5.745358846317356,3.6144216498580333,2.3974763149096585
lins_Q3,48,19.481453272298864,10.483891373820537,36.651251892887686,6.02579185033425,1.1277082463337627,1.1757552337094765
lins_Q4,53,19.775437486346515,6.211998712448847,38.03007960097308,7.447211074362315,1.6296438100422286,1.6290154139852107
sorocaba_Q1,58,11.664594892714447,6.126934401229293,52.529268113988685,10.511974125784015,0.9804260226439787,1.77269567282953
sorocaba_Q2,59,14.749005488479991,6.370778934658003,55.1712540421416,8.818190775465292,2.328177284253343,2.381325245311485
sorocaba_Q3,55,20.171784684778046,6.029847049038179,40.33664881284696,8.668822526955049,1.8394375786372827,1.3213103854409367
sorocaba_Q4,56,14.597559858445177,6.903710375650726,37.403239160270914,6.330729521638972,1.8016270450426417,1.6007199291280125
ALL_dp_entre_sorteios_media_das_celulas,,,,,8.016603526005728,,
ALL_dp_entre_sorteios_ponderado_media_das_celulas,,,,,7.227361286295269,,
ALL_dp_entre_celulas_das_medias,,,,,2.179646210370172,,
ALL_b0_dp_entre_sorteios_media_das_celulas,,,,,7.0928559703037735,,
ALL_dp_fracao_valida_teste_b2,,,,,0.07405487087989077,,
ALL_dp_fracao_valida_teste_b0,,,,,0.061260161758249485,,
