celula,n_sorteios_com_validos,fspl_menor_validos_a,fspl_menor_validos_b,n_sorteios,constante_menor_todos_a,constante_menor_todos_b,const_validos_mediana,fspl_a_validos_mediana
bauru_Q1,59,55,55,60,37,49,18.10143378775323,6.210352508195784
bauru_Q2,56,45,45,60,42,45,15.079777696845849,4.9056220944851905
bauru_Q3,56,53,52,60,43,52,17.825996349677744,5.615126675894047
bauru_Q4,56,50,50,60,37,44,15.492051985504048,5.40638641987348
campinas_Q1,59,51,50,60,40,39,14.113661078476479,5.067201126772608
campinas_Q2,59,53,52,60,34,33,16.940060293236918,6.258181585214296
campinas_Q3,57,42,43,60,42,54,15.767382054459908,9.718829956923814
campinas_Q4,58,51,51,60,37,40,15.512189003653862,6.660589565132859
lins_Q1,56,56,56,60,44,55,18.887909323824836,6.392300738516802
lins_Q2,59,59,59,60,26,48,21.2203990270551,6.913448813367414
lins_Q3,48,48,47,60,41,48,19.481453272298864,6.91155128446481
lins_Q4,53,53,52,60,39,50,19.775437486346515,5.798720431527055
sorocaba_Q1,58,38,39,60,44,48,11.664594892714447,7.23087129445981
sorocaba_Q2,59,52,52,60,40,39,14.749005488479991,6.282640351092678
sorocaba_Q3,55,43,43,60,43,44,20.171784684778046,8.03046790536768
sorocaba_Q4,56,50,50,60,40,41,14.597559858445177,4.815304054252412
ALL,904,799,796,904,629,729,,
ALL_b0_sem_buffer,938,844,847,938,691,801,,
