celula,preditor,populacao,vies_holdout_dB,ep_mc_vies_dB,reqm_holdout_dB,reqm_amostra_aleatoria_dB,n_sorteios_definidos_holdout,n_medio_nos_pontuados,deff_var_H_sobre_var_A,n_sobre_deff
bauru_Q1,constante,todos,0.10209178941545272,0.16238278453873467,2.2929649599725948,0.009934621728558253,200,882445.99,53208.060453728816,16.58481783539919
bauru_Q1,constante,validos,0.3619503579574648,0.509903020926097,7.184095213040981,0.031075333405184733,199,138787.94,53313.16988036436,2.6032580750955616
bauru_Q1,fspl_calibrado_b,todos,-0.12412575421926775,0.06297353840980584,0.8969809609411503,0.00425906197188757,200,882445.99,43517.936989715075,20.277753290753537
bauru_Q1,fspl_calibrado_b,validos,0.022429506105116737,0.24106913031021143,3.3922174973417336,0.016415650349281913,199,138787.94,42846.54004486243,3.2391866380501724
campinas_Q1,constante,todos,0.1458711100036898,0.15848076820400714,2.2404001885711455,0.009203631597287881,200,878421.57,59027.699095654025,14.881514669520206
campinas_Q1,constante,validos,0.28488851928239,0.6603686737017197,9.249549792768638,0.03841514745489886,197,120618.585,58318.916119808055,2.068258346094876
campinas_Q1,fspl_calibrado_b,todos,-0.07010056562188449,0.05463303454831081,0.7738753217592198,0.0038580799832409595,200,878421.57,39927.86229801179,22.000215374509068
campinas_Q1,fspl_calibrado_b,validos,0.4596586557116513,0.2720973942994706,3.836995766057699,0.016923372408604698,197,120618.585,50698.88640283021,2.379117048875981
lins_Q1,constante,todos,0.1558194527609682,0.11464472751491675,1.6247519803667452,0.006643961029273158,200,884793.94,59347.00616581374,14.908821811969965
lins_Q1,constante,validos,1.0698085269105526,0.5447835629586493,7.545915902830855,0.027951742859524065,189,78431.325,71451.43122362322,1.0976872493222933
lins_Q1,fspl_calibrado_b,todos,-0.14217757892946903,0.0556067473388203,0.7972104010368416,0.003606791462205039,200,884793.94,47357.89999383221,18.683132911620525
lins_Q1,fspl_calibrado_b,validos,0.2640263610259339,0.12372878540589834,1.7169061240685641,0.013435965954806374,189,78431.325,16338.061749919327,4.80052812876578
sorocaba_Q1,constante,todos,0.06874416805970096,0.13179014104716158,1.8603992514541436,0.007752525521752057,200,877043.255,57511.273955359444,15.249936137404392
sorocaba_Q1,constante,validos,-0.30451541257324166,0.6214169191197194,8.63836872323506,0.03547359443966256,194,108533.4,59410.473311094545,1.826839510799387
sorocaba_Q1,fspl_calibrado_b,todos,0.007492754199798668,0.04844894971493383,0.6834976125291558,0.0033335426748498332,200,877043.255,42541.77442702021,20.616047798019213
sorocaba_Q1,fspl_calibrado_b,validos,0.9545832985206477,0.32564476828840216,4.62361554313729,0.02021390717169192,194,108533.4,50928.28088568326,2.1311027608338224
